-- Supabase seed data migrated from the legacy JSON dataset.

begin;

insert into public.languages (code, label, native_label, description, short_label, symbol, sort_order)
values
  ('zh-TW', '繁體中文', '繁體中文', 'Traditional Chinese', '繁中', 'ZH', 1),
  ('id', '印尼文', 'Bahasa Indonesia', 'Bahasa Indonesia', 'ID', 'ID', 2),
  ('en', '英文', 'English', 'English', 'EN', 'EN', 3)
on conflict (code) do update set label = excluded.label, native_label = excluded.native_label, description = excluded.description, short_label = excluded.short_label, symbol = excluded.symbol, sort_order = excluded.sort_order;

insert into public.words (id, image_url)
values
  (1, 'https://pub-0ab02e3e2bda4c4c99e33c093612b10c.r2.dev/imgs/202604120952.jpg'),
  (2, ''),
  (3, ''),
  (4, ''),
  (5, 'https://pub-0ab02e3e2bda4c4c99e33c093612b10c.r2.dev/imgs/202604120954.jpg'),
  (6, ''),
  (7, 'https://pub-0ab02e3e2bda4c4c99e33c093612b10c.r2.dev/imgs/202604120956.jpg'),
  (8, ''),
  (9, ''),
  (10, ''),
  (11, ''),
  (12, ''),
  (13, ''),
  (14, ''),
  (15, ''),
  (16, ''),
  (17, ''),
  (18, ''),
  (19, ''),
  (20, ''),
  (21, ''),
  (22, ''),
  (23, ''),
  (24, ''),
  (25, ''),
  (26, ''),
  (27, '')
on conflict (id) do update set image_url = excluded.image_url;

select setval(
  pg_get_serial_sequence('public.words', 'id'),
  greatest(coalesce((select max(id) from public.words), 1), 1),
  true
);

insert into public.tags (id, icon)
values
  (1, 'sell'),
  (2, 'sell'),
  (3, 'sell'),
  (4, 'sell')
on conflict (id) do update set icon = excluded.icon;

select setval(
  pg_get_serial_sequence('public.tags', 'id'),
  greatest(coalesce((select max(id) from public.tags), 1), 1),
  true
);

insert into public.word_translations (word_id, language_code, text, pronunciation, audio_filename)
values
  (1, 'zh-TW', '好', 'hǎo', '好.mp3'),
  (1, 'id', 'bagus', '', 'bagus.mp3'),
  (1, 'en', '', '', ''),
  (2, 'zh-TW', '亂', 'luàn', '亂.mp3'),
  (2, 'id', 'berantakan', '', 'berantakan.mp3'),
  (2, 'en', '', '', ''),
  (3, 'zh-TW', '重', 'zhòng', '重.mp3'),
  (3, 'id', 'berat', '', 'berat.mp3'),
  (3, 'en', '', '', ''),
  (4, 'zh-TW', '高品質', 'gāo pǐn zhí', '高品質.mp3'),
  (4, 'id', 'berkualitas', '', 'berkualitas.mp3'),
  (4, 'en', '', '', ''),
  (5, 'zh-TW', '困惑', 'kùn huò', '困惑.mp3'),
  (5, 'id', 'bingung', '', 'bingung.mp3'),
  (5, 'en', '', '', ''),
  (6, 'zh-TW', '先進', 'xiān jìn', '先進.mp3'),
  (6, 'id', 'canggih', '', 'canggih.mp3'),
  (6, 'en', '', '', ''),
  (7, 'zh-TW', '累', 'lèi', '累.mp3'),
  (7, 'id', 'capek', '', 'capek.mp3'),
  (7, 'en', '', '', ''),
  (8, 'zh-TW', '厲害', 'lì hài', '厲害.mp3'),
  (8, 'id', 'hebat', '', 'hebat.mp3'),
  (8, 'en', '', '', ''),
  (9, 'zh-TW', '粗糙', 'cū cāo', '粗糙.mp3'),
  (9, 'id', 'kasar', '', 'kasar.mp3'),
  (9, 'en', '', '', ''),
  (10, 'zh-TW', '酷', 'kù', '酷.mp3'),
  (10, 'id', 'keren', '', 'keren.mp3'),
  (10, 'en', '', '', ''),
  (11, 'zh-TW', '不爽', 'bù shuǎng', '不爽.mp3'),
  (11, 'id', 'kesal', '', 'kesal.mp3'),
  (11, 'en', '', '', ''),
  (12, 'zh-TW', '柔軟', 'róu ruǎn', '柔軟.mp3'),
  (12, 'id', 'lembut', '', 'lembut.mp3'),
  (12, 'en', '', '', ''),
  (13, 'zh-TW', '黏', 'nián', '黏.mp3'),
  (13, 'id', 'lengket', '', 'lengket.mp3'),
  (13, 'en', '', '', ''),
  (14, 'zh-TW', '很棒', 'hěn bàng', '很棒.mp3'),
  (14, 'id', 'mantap', '', 'mantap.mp3'),
  (14, 'en', '', '', ''),
  (15, 'zh-TW', '舒服', 'shū fu', '舒服.mp3'),
  (15, 'id', 'nyaman', '', 'nyaman.mp3'),
  (15, 'en', '', '', ''),
  (16, 'zh-TW', '很嚴重；很誇張', 'hěn yán zhòng; hěn kuā zhāng', '很嚴重；很誇張.mp3'),
  (16, 'id', 'parah', '', 'parah.mp3'),
  (16, 'en', '', '', ''),
  (17, 'zh-TW', '整齊', 'zhěng qí', '整齊.mp3'),
  (17, 'id', 'rapi', '', 'rapi.mp3'),
  (17, 'en', '', '', ''),
  (18, 'zh-TW', '麻煩', 'má fan', '麻煩.mp3'),
  (18, 'id', 'ribet', '', 'ribet.mp3'),
  (18, 'en', '', '', ''),
  (19, 'zh-TW', '輕', 'qīng', '輕.mp3'),
  (19, 'id', 'ringan', '', 'ringan.mp3'),
  (19, 'en', '', '', ''),
  (20, 'zh-TW', '複雜', 'fù zá', '複雜.mp3'),
  (20, 'id', 'rumit', '', 'rumit.mp3'),
  (20, 'en', '', '', ''),
  (21, 'zh-TW', '樸素', 'pú sù', '樸素.mp3'),
  (21, 'id', 'sederhana', '', 'sederhana.mp3'),
  (21, 'en', '', '', ''),
  (22, 'zh-TW', '健康', 'jiàn kāng', '健康.mp3'),
  (22, 'id', 'sehat', '', 'sehat.mp3'),
  (22, 'en', '', '', ''),
  (23, 'zh-TW', '涼爽', 'liáng shuǎng', '涼爽.mp3'),
  (23, 'id', 'sejuk', '', 'sejuk.mp3'),
  (23, 'en', '', '', ''),
  (24, 'zh-TW', '完整', 'wán zhěng', '完整.mp3'),
  (24, 'id', 'utuh', '', 'utuh.mp3'),
  (24, 'en', '', '', ''),
  (25, 'zh-TW', '阻止', 'Zǔzhǐ', '阻止.mp3'),
  (25, 'id', 'cegah', '', 'cegah.mp3'),
  (25, 'en', '', '', ''),
  (26, 'zh-TW', '同意', 'Tóngyì', '同意.mp3'),
  (26, 'id', 'setuju', '', 'setuju.mp3'),
  (26, 'en', '', '', ''),
  (27, 'zh-TW', '煩惱', 'fánnǎo', '煩惱.mp3'),
  (27, 'id', 'kepikiran', '', 'kepikiran.mp3'),
  (27, 'en', '', '', '')
on conflict (word_id, language_code) do update set text = excluded.text, pronunciation = excluded.pronunciation, audio_filename = excluded.audio_filename;

insert into public.tag_translations (tag_id, language_code, name)
values
  (1, 'en', 'other'),
  (1, 'zh-TW', '其他'),
  (1, 'id', 'lain'),
  (2, 'en', 'common'),
  (2, 'zh-TW', '常用'),
  (2, 'id', 'umum'),
  (3, 'en', 'uncategorized'),
  (3, 'zh-TW', '未分類'),
  (3, 'id', 'belum dikategorikan'),
  (4, 'en', 'adjective'),
  (4, 'zh-TW', '形容詞'),
  (4, 'id', 'kata sifat')
on conflict (tag_id, language_code) do update set name = excluded.name;

insert into public.word_tags (word_id, tag_id)
values
  (1, 4),
  (2, 4),
  (3, 4),
  (4, 4),
  (5, 4),
  (6, 4),
  (7, 4),
  (8, 4),
  (9, 4),
  (10, 4),
  (11, 4),
  (12, 4),
  (13, 4),
  (14, 4),
  (15, 4),
  (16, 4),
  (17, 4),
  (18, 4),
  (19, 4),
  (20, 4),
  (21, 4),
  (22, 4),
  (23, 4),
  (24, 4),
  (25, 4),
  (26, 4),
  (27, 4)
on conflict (word_id, tag_id) do nothing;

insert into public.ui_translations (language_code, key, value)
values
  ('zh-TW', 'learn', '學習'),
  ('zh-TW', 'library', '字庫'),
  ('zh-TW', 'favoritesNav', '最愛'),
  ('zh-TW', 'settingsNav', '設定'),
  ('zh-TW', 'loadingTitle', '正在準備單字卡'),
  ('zh-TW', 'loadingDescription', '資料會從 data 載入，圖片與音檔會從雲端資源載入，接著你就可以在卡片、字庫、最愛、標籤與設定之間切換。'),
  ('zh-TW', 'loadErrorTitle', '載入資料失敗'),
  ('zh-TW', 'retry', '重新載入'),
  ('zh-TW', 'changeInterfaceLanguage', '切換介面語言'),
  ('zh-TW', 'filterTags', '篩選標籤'),
  ('zh-TW', 'filters', '篩選'),
  ('zh-TW', 'filterTitle', '調整篩選'),
  ('zh-TW', 'filterHint', '篩選會同步影響卡片、字庫與最愛頁。'),
  ('zh-TW', 'tagFilterTitle', '主題標籤'),
  ('zh-TW', 'statusFilterTitle', '單字狀態'),
  ('zh-TW', 'activeFilterCount', '已套用 {count} 個篩選'),
  ('zh-TW', 'allTerms', '全部單字'),
  ('zh-TW', 'selectedTagCount', '已選擇 {count} 個標籤'),
  ('zh-TW', 'selectedStatusCount', '已選擇 {count} 個狀態'),
  ('zh-TW', 'cardView', '卡片檢視'),
  ('zh-TW', 'listView', '列表檢視'),
  ('zh-TW', 'previousCard', '上一張卡片'),
  ('zh-TW', 'nextCard', '下一張卡片'),
  ('zh-TW', 'cardOf', '第 {current} 張，共 {total} 張'),
  ('zh-TW', 'emptyEyebrow', '目前沒有資料'),
  ('zh-TW', 'emptyTitle', '這組篩選下沒有卡片'),
  ('zh-TW', 'emptyDescription', '目前選擇的標籤沒有對應詞條。你可以調整標籤，或清除篩選重新查看所有卡片。'),
  ('zh-TW', 'emptyTipTitle', '下一步建議'),
  ('zh-TW', 'emptyTipBody', '前往標籤頁面重新挑選主題，或直接清除篩選，讓整份字庫重新顯示。'),
  ('zh-TW', 'openFilters', '開啟篩選'),
  ('zh-TW', 'clearFilters', '清除篩選'),
  ('zh-TW', 'backToCards', '回到卡片'),
  ('zh-TW', 'searchPlaceholder', '搜尋單字...'),
  ('zh-TW', 'searchFavoritesPlaceholder', '搜尋最愛單字...'),
  ('zh-TW', 'clearSearch', '清除搜尋'),
  ('zh-TW', 'emptySearchEyebrow', '找不到結果'),
  ('zh-TW', 'emptySearchTitle', '沒有符合的單字'),
  ('zh-TW', 'emptySearchDescription', '目前的搜尋字詞與標籤條件沒有對應資料。請重設搜尋或調整標籤。'),
  ('zh-TW', 'emptySearchTipBody', '搜尋會同時比對繁體中文、印尼文與英文欄位。'),
  ('zh-TW', 'adjustFilters', '調整篩選'),
  ('zh-TW', 'settingsTitle', '語言設定'),
  ('zh-TW', 'settingsDescription', '設定介面語言、主要顯示語言與對照翻譯語言。變更會自動儲存並立即套用。'),
  ('zh-TW', 'nativeLanguage', '介面語言'),
  ('zh-TW', 'displayLanguage1', '主要顯示語言'),
  ('zh-TW', 'displayLanguage2', '對照翻譯語言'),
  ('zh-TW', 'required', '必填'),
  ('zh-TW', 'displayLanguage1Description', '主要顯示在卡片標題與列表第一行。'),
  ('zh-TW', 'displayLanguage2Description', '用於翻譯顯示與第二語言輔助資訊。'),
  ('zh-TW', 'settingsInfo', '語言變更會自動儲存；介面文案、標籤名稱與卡片翻譯都會同步更新。若資料暫時缺少英文詞條，畫面會使用安全 fallback。'),
  ('zh-TW', 'savePreferences', '儲存偏好設定'),
  ('zh-TW', 'savedPreferences', '偏好已儲存'),
  ('zh-TW', 'languageMismatchError', '顯示語言 1 與顯示語言 2 不能相同。'),
  ('zh-TW', 'tagEyebrow', '規劃你的學習路徑'),
  ('zh-TW', 'tagTitleStart', '篩選'),
  ('zh-TW', 'tagTitleAccent', '字庫'),
  ('zh-TW', 'tagDescription', '選擇想出現在這輪學習中的主題。支援多選，會同步影響卡片、字庫與最愛頁。'),
  ('zh-TW', 'applyFilters', '套用篩選'),
  ('zh-TW', 'favorites', '最愛'),
  ('zh-TW', 'ignored', '忽略'),
  ('zh-TW', 'showTranslation', '顯示翻譯'),
  ('zh-TW', 'hideTranslation', '隱藏翻譯'),
  ('zh-TW', 'wordDetails', '單字詳情'),
  ('zh-TW', 'closeModal', '關閉視窗'),
  ('zh-TW', 'statusFilterAll', '全部'),
  ('zh-TW', 'statusFilterFavorite', '最愛'),
  ('zh-TW', 'statusFilterIgnored', '忽略'),
  ('zh-TW', 'statusFilterNormal', '一般'),
  ('zh-TW', 'markFavorite', '設為最愛'),
  ('zh-TW', 'unmarkFavorite', '取消最愛'),
  ('zh-TW', 'markIgnored', '設為忽略'),
  ('zh-TW', 'unmarkIgnored', '取消忽略'),
  ('zh-TW', 'markNormal', '設為一般'),
  ('zh-TW', 'clearMark', '清除標記'),
  ('zh-TW', 'showLanguage', '顯示{language}'),
  ('zh-TW', 'cardSwipeHint', '左右滑動或使用箭頭切換單字'),
  ('zh-TW', 'openDetails', '開啟詳情'),
  ('zh-TW', 'switchLanguage', '切換語言'),
  ('zh-TW', 'playAudio', '播放音檔'),
  ('zh-TW', 'listen', '播放'),
  ('zh-TW', 'favoritesEyebrow', '收藏中的詞條'),
  ('zh-TW', 'favoritesTitle', '我的最愛'),
  ('zh-TW', 'favoritesDescription', '這裡會列出所有設為最愛的單字，版型與字庫一致，可直接搜尋、篩選與取消收藏。'),
  ('zh-TW', 'favoritesEmptyTitle', '你還沒有收藏任何單字'),
  ('zh-TW', 'favoritesEmptyDescription', '先到字庫或卡片頁把常用詞設為最愛，之後就能在這裡快速回顧。'),
  ('zh-TW', 'favoritesEmptyTipBody', '你可以從字庫開始搜尋，再用最愛按鈕把重要詞條存起來。'),
  ('zh-TW', 'goToLibrary', '前往字庫'),
  ('zh-TW', 'favoriteRemovedMessage', '{word} 已移除'),
  ('zh-TW', 'favoriteRestoredMessage', '已復原'),
  ('zh-TW', 'undo', '復原'),
  ('id', 'learn', 'Belajar'),
  ('id', 'library', 'Daftar'),
  ('id', 'favoritesNav', 'Favorit'),
  ('id', 'settingsNav', 'Pengaturan'),
  ('id', 'loadingTitle', 'Sedang menyiapkan kartu'),
  ('id', 'loadingDescription', 'Data akan dimuat dari folder data, sedangkan gambar dan audio dimuat dari aset cloud. Setelah siap, kamu bisa berpindah antara kartu, daftar, favorit, tag, dan pengaturan.'),
  ('id', 'loadErrorTitle', 'Gagal memuat data'),
  ('id', 'retry', 'Muat ulang'),
  ('id', 'changeInterfaceLanguage', 'Ganti bahasa antarmuka'),
  ('id', 'filterTags', 'Saring tag'),
  ('id', 'filters', 'Filter'),
  ('id', 'filterTitle', 'Ubah filter'),
  ('id', 'filterHint', 'Filter akan memengaruhi kartu, daftar, dan favorit sekaligus.'),
  ('id', 'tagFilterTitle', 'Tag tema'),
  ('id', 'statusFilterTitle', 'Status kata'),
  ('id', 'activeFilterCount', '{count} filter aktif'),
  ('id', 'allTerms', 'Semua kata'),
  ('id', 'selectedTagCount', '{count} tag dipilih'),
  ('id', 'selectedStatusCount', '{count} status dipilih'),
  ('id', 'cardView', 'Tampilan kartu'),
  ('id', 'listView', 'Tampilan daftar'),
  ('id', 'previousCard', 'Kartu sebelumnya'),
  ('id', 'nextCard', 'Kartu berikutnya'),
  ('id', 'cardOf', 'Kartu {current} dari {total}'),
  ('id', 'emptyEyebrow', 'Belum ada data'),
  ('id', 'emptyTitle', 'Tidak ada kartu untuk filter ini'),
  ('id', 'emptyDescription', 'Tag yang sedang dipilih belum memiliki kosakata yang cocok. Ubah filter tag atau hapus filter untuk melihat semua kartu.'),
  ('id', 'emptyTipTitle', 'Langkah berikutnya'),
  ('id', 'emptyTipBody', 'Buka halaman tag untuk mengubah filter, atau hapus filter agar seluruh daftar kembali tampil.'),
  ('id', 'openFilters', 'Buka filter'),
  ('id', 'clearFilters', 'Hapus filter'),
  ('id', 'backToCards', 'Kembali ke kartu'),
  ('id', 'searchPlaceholder', 'Cari kosakata...'),
  ('id', 'searchFavoritesPlaceholder', 'Cari kata favorit...'),
  ('id', 'clearSearch', 'Hapus pencarian'),
  ('id', 'emptySearchEyebrow', 'Data tidak ditemukan'),
  ('id', 'emptySearchTitle', 'Tidak ada kata yang cocok'),
  ('id', 'emptySearchDescription', 'Kata kunci dan filter tag saat ini tidak menghasilkan hasil apa pun. Coba reset pencarian atau ubah tag yang dipilih.'),
  ('id', 'emptySearchTipBody', 'Pencarian akan mencocokkan bahasa Mandarin Tradisional, bahasa Indonesia, dan bahasa Inggris.'),
  ('id', 'adjustFilters', 'Ubah filter'),
  ('id', 'settingsTitle', 'Pengaturan bahasa'),
  ('id', 'settingsDescription', 'Atur bahasa antarmuka, bahasa tampilan utama, dan bahasa terjemahan. Perubahan disimpan otomatis.'),
  ('id', 'nativeLanguage', 'Bahasa antarmuka'),
  ('id', 'displayLanguage1', 'Bahasa tampilan utama'),
  ('id', 'displayLanguage2', 'Bahasa terjemahan'),
  ('id', 'required', 'Wajib'),
  ('id', 'displayLanguage1Description', 'Bahasa utama untuk judul kartu dan baris pertama daftar.'),
  ('id', 'displayLanguage2Description', 'Digunakan untuk terjemahan dan informasi pendamping.'),
  ('id', 'settingsInfo', 'Perubahan bahasa disimpan otomatis. Antarmuka, nama tag, dan terjemahan kartu akan langsung diperbarui. Jika data bahasa Inggris belum lengkap, aplikasi akan memakai fallback yang aman.'),
  ('id', 'savePreferences', 'Simpan preferensi'),
  ('id', 'savedPreferences', 'Preferensi tersimpan'),
  ('id', 'languageMismatchError', 'Bahasa tampilan 1 dan Bahasa tampilan 2 tidak boleh sama.'),
  ('id', 'tagEyebrow', 'Atur jalur belajarmu'),
  ('id', 'tagTitleStart', 'Saring'),
  ('id', 'tagTitleAccent', 'Leksikon'),
  ('id', 'tagDescription', 'Pilih tema yang ingin kamu tampilkan pada sesi belajar ini. Mendukung multi-pilih dan memengaruhi kartu, daftar, serta halaman favorit.'),
  ('id', 'applyFilters', 'Terapkan filter'),
  ('id', 'favorites', 'Favorit'),
  ('id', 'ignored', 'Abaikan'),
  ('id', 'showTranslation', 'Tampilkan terjemahan'),
  ('id', 'hideTranslation', 'Sembunyikan terjemahan'),
  ('id', 'wordDetails', 'Detail kata'),
  ('id', 'closeModal', 'Tutup jendela'),
  ('id', 'statusFilterAll', 'Semua'),
  ('id', 'statusFilterFavorite', 'Favorit'),
  ('id', 'statusFilterIgnored', 'Diabaikan'),
  ('id', 'statusFilterNormal', 'Normal'),
  ('id', 'markFavorite', 'Jadikan favorit'),
  ('id', 'unmarkFavorite', 'Hapus favorit'),
  ('id', 'markIgnored', 'Tandai abaikan'),
  ('id', 'unmarkIgnored', 'Batalkan abaikan'),
  ('id', 'markNormal', 'Jadikan normal'),
  ('id', 'clearMark', 'Hapus tanda'),
  ('id', 'showLanguage', 'Tampilkan {language}'),
  ('id', 'cardSwipeHint', 'Geser kiri atau kanan, atau gunakan panah, untuk berpindah kata'),
  ('id', 'openDetails', 'Buka detail'),
  ('id', 'switchLanguage', 'Ganti bahasa'),
  ('id', 'playAudio', 'Putar audio'),
  ('id', 'listen', 'Dengarkan'),
  ('id', 'favoritesEyebrow', 'Kosakata tersimpan'),
  ('id', 'favoritesTitle', 'Favorit saya'),
  ('id', 'favoritesDescription', 'Halaman ini menampilkan semua kata favorit. Tata letaknya sama seperti daftar dan mendukung pencarian, filter tag, serta pembatalan favorit.'),
  ('id', 'favoritesEmptyTitle', 'Belum ada kata favorit'),
  ('id', 'favoritesEmptyDescription', 'Tandai kata penting dari daftar atau kartu agar bisa kamu buka kembali di sini dengan cepat.'),
  ('id', 'favoritesEmptyTipBody', 'Mulailah dari daftar, lalu simpan kata penting memakai tombol favorit.'),
  ('id', 'goToLibrary', 'Buka daftar'),
  ('id', 'favoriteRemovedMessage', '{word} dihapus'),
  ('id', 'favoriteRestoredMessage', 'Dipulihkan'),
  ('id', 'undo', 'Urungkan'),
  ('en', 'learn', 'Learn'),
  ('en', 'library', 'Library'),
  ('en', 'favoritesNav', 'Favorites'),
  ('en', 'settingsNav', 'Settings'),
  ('en', 'loadingTitle', 'Preparing your cards'),
  ('en', 'loadingDescription', 'Data is loading from the data folder, with images and audio loaded from cloud assets. Once ready, you can move between cards, library, favorites, tags, and settings.'),
  ('en', 'loadErrorTitle', 'Failed to load data'),
  ('en', 'retry', 'Reload'),
  ('en', 'changeInterfaceLanguage', 'Change interface language'),
  ('en', 'filterTags', 'Filter tags'),
  ('en', 'filters', 'Filters'),
  ('en', 'filterTitle', 'Adjust filters'),
  ('en', 'filterHint', 'Filters affect cards, library, and favorites together.'),
  ('en', 'tagFilterTitle', 'Topic tags'),
  ('en', 'statusFilterTitle', 'Word status'),
  ('en', 'activeFilterCount', '{count} filters active'),
  ('en', 'allTerms', 'All words'),
  ('en', 'selectedTagCount', '{count} tags selected'),
  ('en', 'selectedStatusCount', '{count} statuses selected'),
  ('en', 'cardView', 'Card view'),
  ('en', 'listView', 'List view'),
  ('en', 'previousCard', 'Previous card'),
  ('en', 'nextCard', 'Next card'),
  ('en', 'cardOf', 'Card {current} of {total}'),
  ('en', 'emptyEyebrow', 'No data yet'),
  ('en', 'emptyTitle', 'No cards match this filter'),
  ('en', 'emptyDescription', 'The tags you selected do not match any word right now. Adjust the tags or clear the filters to view every card again.'),
  ('en', 'emptyTipTitle', 'Next step'),
  ('en', 'emptyTipBody', 'Open the tags page to adjust the active themes, or clear the filters to show the full library again.'),
  ('en', 'openFilters', 'Open filters'),
  ('en', 'clearFilters', 'Clear filters'),
  ('en', 'backToCards', 'Back to cards'),
  ('en', 'searchPlaceholder', 'Search words...'),
  ('en', 'searchFavoritesPlaceholder', 'Search favorites...'),
  ('en', 'clearSearch', 'Clear search'),
  ('en', 'emptySearchEyebrow', 'Nothing found'),
  ('en', 'emptySearchTitle', 'No matching words'),
  ('en', 'emptySearchDescription', 'The current search term and tag combination returned no results. Try resetting the search or changing the selected tags.'),
  ('en', 'emptySearchTipBody', 'Search matches Traditional Chinese, Indonesian, and English values at the same time.'),
  ('en', 'adjustFilters', 'Adjust filters'),
  ('en', 'settingsTitle', 'Language settings'),
  ('en', 'settingsDescription', 'Choose the interface language, primary display language, and translation language. Changes are saved automatically.'),
  ('en', 'nativeLanguage', 'Interface language'),
  ('en', 'displayLanguage1', 'Primary display language'),
  ('en', 'displayLanguage2', 'Translation language'),
  ('en', 'required', 'Required'),
  ('en', 'displayLanguage1Description', 'Primary language for the card headline and the first line in lists.'),
  ('en', 'displayLanguage2Description', 'Used for translations and secondary support text.'),
  ('en', 'settingsInfo', 'Language changes are saved automatically. Interface copy, tag names, and card translations update immediately. If English data is still missing, the app falls back safely.'),
  ('en', 'savePreferences', 'Save preferences'),
  ('en', 'savedPreferences', 'Preferences saved'),
  ('en', 'languageMismatchError', 'Display language 1 and Display language 2 cannot be the same.'),
  ('en', 'tagEyebrow', 'Shape your learning path'),
  ('en', 'tagTitleStart', 'Filter the'),
  ('en', 'tagTitleAccent', 'Lexicon'),
  ('en', 'tagDescription', 'Choose the themes you want in this learning session. Multi-select is supported and affects cards, library, and favorites together.'),
  ('en', 'applyFilters', 'Apply filters'),
  ('en', 'favorites', 'Favorites'),
  ('en', 'ignored', 'Ignored'),
  ('en', 'showTranslation', 'Show translation'),
  ('en', 'hideTranslation', 'Hide translation'),
  ('en', 'wordDetails', 'Word details'),
  ('en', 'closeModal', 'Close window'),
  ('en', 'statusFilterAll', 'All'),
  ('en', 'statusFilterFavorite', 'Favorites'),
  ('en', 'statusFilterIgnored', 'Ignored'),
  ('en', 'statusFilterNormal', 'Normal'),
  ('en', 'markFavorite', 'Mark favorite'),
  ('en', 'unmarkFavorite', 'Remove favorite'),
  ('en', 'markIgnored', 'Mark ignored'),
  ('en', 'unmarkIgnored', 'Remove ignored'),
  ('en', 'markNormal', 'Mark normal'),
  ('en', 'clearMark', 'Clear mark'),
  ('en', 'showLanguage', 'Show {language}'),
  ('en', 'cardSwipeHint', 'Swipe left or right, or use the arrows, to switch words'),
  ('en', 'openDetails', 'Open details'),
  ('en', 'switchLanguage', 'Switch language'),
  ('en', 'playAudio', 'Play audio'),
  ('en', 'listen', 'Listen'),
  ('en', 'favoritesEyebrow', 'Saved terms'),
  ('en', 'favoritesTitle', 'My favorites'),
  ('en', 'favoritesDescription', 'This page lists every favorite term. It uses the same layout as the library and supports search, tag filters, and direct unfavorite actions.'),
  ('en', 'favoritesEmptyTitle', 'You do not have any favorites yet'),
  ('en', 'favoritesEmptyDescription', 'Mark important words from the library or card view as favorites, then come back here for a quick review.'),
  ('en', 'favoritesEmptyTipBody', 'Start from the library, then save important terms with the favorite button.'),
  ('en', 'goToLibrary', 'Open library'),
  ('en', 'favoriteRemovedMessage', '{word} removed'),
  ('en', 'favoriteRestoredMessage', 'Restored'),
  ('en', 'undo', 'Undo')
on conflict (language_code, key) do update set value = excluded.value;

commit;
